Parent Name,Email,Location,Contact,Password
Md. Zahir Raihan,zahir@gmail.com,Gulshan,1788654321,zahir1234
Shermin Akter,shermin@gmail.com,Hazaribagh,1976587334,shermin1234
Md. Shamaun Nabi,shamaun@gmail.com,Jatrabari,1776588998,shamaun1234
Homaira Adiba ,homaira@gmail.com,Kalabagan,1916754328,homaira1234
Md. Musfiqur Rahman,mushfiqur@gmail.com,Khilgaon,1511456789,mushfiqur1234
Md. Shahib Anower,shahib@gmail.com,Mirpur,1324567890,shahib1234
Sumaiya Akter,sumaiya@gmail.com,Mahammadpur,1456734229,sumaiya1234
Md.Maidul Islam,maidul@gmail.com,Motijheel,1976123889,maidul1234
Al Amin ,alamin@gmail.com,New Market,1675447890,alamin1234
Md. Amimul Ehsan,amimul@gmail.com,Shahbagh,1987234116,amimul1234
Shahriar Shafin,shahriar@gmail.com,Tejgaon,1765433908,shahriar1234
Md. Imran Nazir ,imran@gmail.com,Uttara,1675400876,imran1234
Tumpa Saha ,tumpa@gmail.com,Azimpur,1780098006,tumpa1234
Rifah Tamanna ,rifah@gmail.com,Badda,1925673110,rifah1234
Md. Tahmid Sakib ,tahmid@gmail.com,Dhanmondi,1675488903,tahmid1234
Sohag Hossen,sohag@gmail.com,Gulshan,1987231557,sohag1234
Sabbir Hosen,sabbir@gmail.com,Hazaribagh,1876543278,sabbir1234
Anika,anika@gmail.com,Jatrabari,1998745632,anika1234
Md Sabbir Chowdhury,mdsabbir@gmail.com,Kalabagan,1324532399,mdsabbir1234
Ashraful Haque,ashraful@gmail.com,Mahammadpur,1454327896,ashraful1234
Tanjina Saif Karim,tanjina@gmail.com,Mahammadpur,1334527869,tanjina1234
Shimin Afroj ,shimin@gmail.com,Motijheel,1678429086,shimin1234
Nishat Shahrin ,nishat@gmail.com,New Market,1762341890,nishat1234
Mahbuba Haque Laka ,mahbuba@gmail.com,Shahbagh,1876234675,mahbuba1234
Md. Azim,azim@gmail.com,Tejgaon,1672349865,azim1234
Sadia Sultana ,sadia@gmail.com,Uttara,1987230456,sadia1234
Mst. Nipa Khatun,nipa@gmail.com,Azimpur,1987234517,nipa1234
Md. Mizanur Rahman Rakib ,mizanur@gmail.com,Badda,1972345618,mizanur1234
Tasmia Mushfika Igfat ,tasmia@gmail.com,Dhanmondi,1998782453,tasmia1234
